<?xml version="1.0" encoding="utf-8"?><checkstyle version="4.3"><file name="C:\Users\NAMAN.GARG03\Desktop\FA4\infymansions\InfyMansions-WS\spec\test\ErrorLogger.spec.js"></file><file name="C:\Users\NAMAN.GARG03\Desktop\FA4\infymansions\InfyMansions-WS\spec\test\requestLogger.spec.js"></file><file name="C:\Users\NAMAN.GARG03\Desktop\FA4\infymansions\InfyMansions-WS\spec\test\validation.spec.js"><error line="3" column="1" severity="error" message="&apos;describe&apos; is not defined. (no-undef)" source="eslint.rules.no-undef" /><error line="4" column="5" severity="error" message="&apos;it&apos; is not defined. (no-undef)" source="eslint.rules.no-undef" /><error line="5" column="9" severity="error" message="&apos;expect&apos; is not defined. (no-undef)" source="eslint.rules.no-undef" /><error line="7" column="5" severity="error" message="&apos;it&apos; is not defined. (no-undef)" source="eslint.rules.no-undef" /><error line="8" column="9" severity="error" message="&apos;expect&apos; is not defined. (no-undef)" source="eslint.rules.no-undef" /><error line="10" column="5" severity="error" message="&apos;it&apos; is not defined. (no-undef)" source="eslint.rules.no-undef" /><error line="11" column="9" severity="error" message="&apos;expect&apos; is not defined. (no-undef)" source="eslint.rules.no-undef" /><error line="13" column="5" severity="error" message="&apos;it&apos; is not defined. (no-undef)" source="eslint.rules.no-undef" /><error line="14" column="9" severity="error" message="&apos;expect&apos; is not defined. (no-undef)" source="eslint.rules.no-undef" /></file></checkstyle>